{
  "version": "1.0.2",
  "platformVersion": "1.0.10",
  "authentication": {
    "type": "custom",
    "test": "$func$2$f$",
    "fields": [
      {
        "key": "token",
        "type": "string",
        "required": true,
        "helpText": "Your token."
      },
      {
        "key": "workspaceId",
        "type": "string",
        "required": true,
        "helpText": "Your workspace Id."
      },
      {
        "key": "nodeId",
        "type": "string",
        "required": true,
        "helpText": "Your node Id."
      }
    ]
  },
  "beforeRequest": [
    "$func$3$f$"
  ],
  "afterResponse": [
    "$func$2$f$"
  ],
  "resources": {},
  "triggers": {
    "new_customer": {
      "key": "new_customer",
      "noun": "Customer",
      "display": {
        "label": "New Customer",
        "description": "Trigger when a new customer is added."
      },
      "operation": {
        "type": "polling",
        "perform": "$func$2$f$"
      }
    }
  },
  "searches": {},
  "creates": {},
  "searchOrCreates": {}
}