{
  "version": "1.0.0",
  "platformVersion": "1.0.10",
  "beforeRequest": [],
  "afterResponse": [],
  "resources": {},
  "triggers": {
    "recipe": {
      "key": "recipe",
      "noun": "Recipe",
      "display": {
        "label": "New Recipe",
        "description": "Trigger when a new recipe is added."
      },
      "operation": {
        "inputFields": [
          {
            "key": "style",
            "type": "string",
            "helpText": "Which styles of cuisine this should trigger on."
          }
        ],
        "type": "hook",
        "performSubscribe": "$func$2$f$",
        "performUnsubscribe": "$func$2$f$",
        "perform": "$func$2$f$",
        "performList": "$func$2$f$",
        "sample": {
          "id": 1,
          "createdAt": 1472069465,
          "name": "Best Spagetti Ever",
          "authorId": 1,
          "directions": "1. Boil Noodles\n2.Serve with sauce",
          "style": "italian"
        },
        "outputFields": [
          {
            "key": "id",
            "label": "ID"
          },
          {
            "key": "createdAt",
            "label": "Created At"
          },
          {
            "key": "name",
            "label": "Name"
          },
          {
            "key": "directions",
            "label": "Directions"
          },
          {
            "key": "authorId",
            "label": "Author ID"
          },
          {
            "key": "style",
            "label": "Style"
          }
        ]
      }
    }
  },
  "searches": {},
  "creates": {},
  "searchOrCreates": {}
}